{"cameraMode":{"drawMode":0,"name":"Shaded","section":"Shading Mode"},"sceneLighting":true,"audioPlay":false,"sceneViewState":{"m_AlwaysRefresh":false,"showFog":true,"showSkybox":true,"showFlares":true,"showImageEffects":true,"showParticleSystems":true,"showVisualEffectGraphs":true,"m_FxEnabled":true},"in2DMode":false,"pivot":{"x":2.975285530090332,"y":0.5696779489517212,"z":0.2954139709472656},"rotation":{"x":-0.3863220512866974,"y":0.5194273591041565,"z":0.7074821591377258,"w":0.28360870480537417},"size":12.742389678955079,"orthographic":true}