{"cameraMode":{"drawMode":0,"name":"Shaded","section":"Shading Mode"},"sceneLighting":true,"audioPlay":false,"sceneViewState":{"m_AlwaysRefresh":false,"showFog":true,"showSkybox":true,"showFlares":true,"showImageEffects":true,"showParticleSystems":true,"showVisualEffectGraphs":true,"m_FxEnabled":true},"in2DMode":false,"pivot":{"x":2.975285530090332,"y":0.5696779489517212,"z":0.2954139709472656},"rotation":{"x":-0.40117955207824709,"y":0.5089689493179321,"z":0.7042496204376221,"w":0.2899119555950165},"size":12.296589851379395,"orthographic":true}